<?xml version="1.0" encoding="UTF-8"?>
<!DOCTYPE log4j:configuration PUBLIC "-//APACHE//DTD LOG4J 1.2//EN" "log4j.dtd">
<log4j:configuration xmlns:log4j="http://jakarta.apache.org/log4j/">

	<!-- Appenders -->
	<appender name="console" class="org.apache.log4j.ConsoleAppender">
		<param name="Target" value="System.out" />
		<layout class="org.apache.log4j.PatternLayout">
			<param name="ConversionPattern" value="%-5p: %c - %m%n" />
		</layout>
	</appender>
	
	<!-- Application Loggers -->
	<logger name="com.jam2in.restapi">
		<level value="info" />
	</logger>
	
	<!-- 3rdparty Loggers -->
	<logger name="org.springframework.core">
		<level value="info" />
	</logger>
	
	<logger name="org.springframework.beans">
		<level value="info" />
	</logger>
	
	<logger name="org.springframework.context">
		<level value="info" />
	</logger>

	<logger name="org.springframework.web">
		<level value="info" />
	</logger>

	
	<!-- collection piped exist -->
	<logger name="net.spy.memcached.protocol.ascii.CollectionPipedExistOperationImpl" additivity="false">
		<level value="DEBUG" />
		<appender-ref ref="console" />
	</logger>

	<!-- set attributes -->
	<logger name="net.spy.memcached.protocol.ascii.SetAttrOperationImpl" additivity="false">
		<level value="DEBUG" />
		<appender-ref ref="console" />
	</logger>

	<!-- collection insert -->
	<logger name="net.spy.memcached.protocol.ascii.CollectionStoreOperationImpl" additivity="false">
		<level value="DEBUG" />
		<appender-ref ref="console" />
	</logger>

	<!-- collection get -->
	<logger name="net.spy.memcached.protocol.ascii.CollectionGetOperationImpl" additivity="false">
		<level value="DEBUG" />
		<appender-ref ref="console" />
	</logger>

	<!-- collection upsert -->
	<logger name="net.spy.memcached.protocol.ascii.CollectionUpsertOperationImpl" additivity="false">
		<level value="DEBUG" />
		<appender-ref ref="console" />
	</logger>

	<!-- collection update -->
	<logger name="net.spy.memcached.protocol.ascii.CollectionUpdateOperationImpl" additivity="false">
		<level value="DEBUG" />
		<appender-ref ref="console" />
	</logger>

	<!-- collection count -->
	<logger name="net.spy.memcached.protocol.ascii.CollectionCountOperationImpl" additivity="false">
		<level value="DEBUG" />
		<appender-ref ref="console" />
	</logger>

	<!-- define root -->
	<root>
		<level value="DEBUG" />
		<appender-ref ref="console" />
	</root>
	
	<!-- Root Logger 
	<root>
		<priority value="warn" />
		<appender-ref ref="console" />
	</root>-->
	
</log4j:configuration>
